service,online,timestamp
one week fast track,False,03/05/2022 11:30
premium,False,03/05/2022 11:30
one week fast track,False,03/05/2022 12:00
premium,False,03/05/2022 12:00
one week fast track,False,03/05/2022 12:30
premium,False,03/05/2022 12:30
one week fast track,True,03/05/2022 13:00
premium,False,03/05/2022 13:00
one week fast track,True,03/05/2022 13:30
premium,False,03/05/2022 13:30
one week fast track,True,03/05/2022 14:00
premium,False,03/05/2022 14:00
one week fast track,False,03/05/2022 14:30
premium,False,03/05/2022 14:30
one week fast track,False,03/05/2022 15:00
premium,False,03/05/2022 15:00
one week fast track,False,03/05/2022 15:30
premium,False,03/05/2022 15:30
one week fast track,False,03/05/2022 16:00
premium,False,03/05/2022 16:00
one week fast track,False,03/05/2022 16:30
premium,False,03/05/2022 16:30
one week fast track,False,03/05/2022 17:00
premium,False,03/05/2022 17:00
one week fast track,False,03/05/2022 17:30
premium,False,03/05/2022 17:30
one week fast track,False,03/05/2022 18:00
premium,False,03/05/2022 18:00
one week fast track,False,03/05/2022 18:30
premium,False,03/05/2022 18:30
one week fast track,False,03/05/2022 19:00
premium,False,03/05/2022 19:00
one week fast track,False,03/05/2022 19:30
premium,False,03/05/2022 19:30
one week fast track,False,03/05/2022 20:00
premium,False,03/05/2022 20:00
one week fast track,False,03/05/2022 20:30
premium,False,03/05/2022 20:30
one week fast track,False,03/05/2022 21:00
premium,False,03/05/2022 21:00
one week fast track,False,03/05/2022 21:30
premium,False,03/05/2022 21:30
one week fast track,False,03/05/2022 22:00
premium,False,03/05/2022 22:00
one week fast track,False,03/05/2022 22:30
premium,False,03/05/2022 22:30
one week fast track,False,03/05/2022 23:00
premium,False,03/05/2022 23:00
one week fast track,False,03/05/2022 23:30
premium,False,03/05/2022 23:30
one week fast track,False,04/05/2022 00:00
premium,False,04/05/2022 00:00
one week fast track,False,04/05/2022 00:30
premium,False,04/05/2022 00:30
one week fast track,False,04/05/2022 01:00
premium,False,04/05/2022 01:00
one week fast track,False,04/05/2022 01:30
premium,False,04/05/2022 01:30
one week fast track,False,04/05/2022 02:00
premium,False,04/05/2022 02:00
one week fast track,False,04/05/2022 02:30
premium,False,04/05/2022 02:30
one week fast track,False,04/05/2022 03:00
premium,False,04/05/2022 03:00
one week fast track,False,04/05/2022 03:30
premium,False,04/05/2022 03:30
one week fast track,False,04/05/2022 04:00
premium,False,04/05/2022 04:00
one week fast track,False,04/05/2022 04:30
premium,False,04/05/2022 04:30
one week fast track,False,04/05/2022 05:00
premium,False,04/05/2022 05:00
one week fast track,False,04/05/2022 05:30
premium,False,04/05/2022 05:30
one week fast track,False,04/05/2022 06:00
premium,True,04/05/2022 06:00
one week fast track,False,04/05/2022 06:30
premium,True,04/05/2022 06:30
one week fast track,False,04/05/2022 07:00
premium,False,04/05/2022 07:00
one week fast track,False,04/05/2022 07:30
premium,False,04/05/2022 07:30
one week fast track,False,04/05/2022 08:00
premium,False,04/05/2022 08:00
one week fast track,False,04/05/2022 08:30
premium,False,04/05/2022 08:30
one week fast track,False,04/05/2022 09:00
premium,False,04/05/2022 09:00
one week fast track,False,04/05/2022 09:30
premium,False,04/05/2022 09:30
one week fast track,False,04/05/2022 10:00
premium,False,04/05/2022 10:00
one week fast track,False,04/05/2022 10:30
premium,False,04/05/2022 10:30
one week fast track,False,04/05/2022 11:00
premium,False,04/05/2022 11:00
one week fast track,False,04/05/2022 11:30
premium,False,04/05/2022 11:30
one week fast track,False,04/05/2022 12:00
premium,False,04/05/2022 12:00
one week fast track,False,04/05/2022 12:30
premium,False,04/05/2022 12:30
one week fast track,False,04/05/2022 13:00
premium,False,04/05/2022 13:00
one week fast track,False,04/05/2022 13:30
premium,False,04/05/2022 13:30
one week fast track,False,04/05/2022 14:00
premium,False,04/05/2022 14:00
one week fast track,False,04/05/2022 14:30
premium,False,04/05/2022 14:30
one week fast track,False,04/05/2022 15:00
premium,False,04/05/2022 15:00
one week fast track,False,04/05/2022 15:30
premium,False,04/05/2022 15:30
one week fast track,False,04/05/2022 16:00
premium,False,04/05/2022 16:00
one week fast track,False,04/05/2022 16:30
premium,False,04/05/2022 16:30
one week fast track,False,04/05/2022 17:00
premium,False,04/05/2022 17:00
one week fast track,False,04/05/2022 17:30
premium,False,04/05/2022 17:30
one week fast track,True,04/05/2022 18:00
premium,False,04/05/2022 18:00
one week fast track,False,04/05/2022 18:30
premium,False,04/05/2022 18:30
one week fast track,False,04/05/2022 19:00
premium,False,04/05/2022 19:00
one week fast track,False,04/05/2022 19:30
premium,False,04/05/2022 19:30
one week fast track,False,04/05/2022 20:00
premium,False,04/05/2022 20:00
one week fast track,False,04/05/2022 20:30
premium,False,04/05/2022 20:30
one week fast track,False,04/05/2022 21:00
premium,False,04/05/2022 21:00
one week fast track,False,04/05/2022 21:30
premium,False,04/05/2022 21:30
one week fast track,False,04/05/2022 22:00
premium,False,04/05/2022 22:00
one week fast track,False,04/05/2022 22:30
premium,False,04/05/2022 22:30
one week fast track,False,04/05/2022 23:00
premium,False,04/05/2022 23:00
one week fast track,False,04/05/2022 23:30
premium,False,04/05/2022 23:30
one week fast track,False,05/05/2022 00:00
premium,False,05/05/2022 00:00
one week fast track,False,05/05/2022 00:30
premium,False,05/05/2022 00:30
one week fast track,False,05/05/2022 01:00
premium,False,05/05/2022 01:00
one week fast track,False,05/05/2022 01:30
premium,False,05/05/2022 01:30
one week fast track,False,05/05/2022 02:00
premium,False,05/05/2022 02:00
one week fast track,False,05/05/2022 02:30
premium,False,05/05/2022 02:30
one week fast track,False,05/05/2022 03:00
premium,False,05/05/2022 03:00
one week fast track,False,05/05/2022 03:30
premium,False,05/05/2022 03:30
one week fast track,False,05/05/2022 04:00
premium,False,05/05/2022 04:00
one week fast track,False,05/05/2022 04:30
premium,False,05/05/2022 04:30
one week fast track,False,05/05/2022 05:00
premium,False,05/05/2022 05:00
one week fast track,False,05/05/2022 05:30
premium,False,05/05/2022 05:30
one week fast track,True,05/05/2022 06:00
premium,False,05/05/2022 06:00
one week fast track,False,05/05/2022 06:30
premium,False,05/05/2022 06:30
one week fast track,False,05/05/2022 07:00
premium,False,05/05/2022 07:00
one week fast track,False,05/05/2022 07:30
premium,False,05/05/2022 07:30
one week fast track,False,05/05/2022 08:00
premium,False,05/05/2022 08:00
one week fast track,False,05/05/2022 08:30
premium,False,05/05/2022 08:30
one week fast track,False,05/05/2022 09:00
premium,False,05/05/2022 09:00
one week fast track,False,05/05/2022 09:30
premium,False,05/05/2022 09:30
one week fast track,False,05/05/2022 10:00
premium,False,05/05/2022 10:00
one week fast track,False,05/05/2022 10:30
premium,False,05/05/2022 10:30
one week fast track,False,05/05/2022 11:15
premium,False,05/05/2022 11:15
one week fast track,False,05/05/2022 11:41
premium,False,05/05/2022 11:41
one week fast track,False,05/05/2022 12:11
premium,False,05/05/2022 12:11
one week fast track,False,05/05/2022 12:36
premium,False,05/05/2022 12:36
one week fast track,False,05/05/2022 13:27
premium,False,05/05/2022 13:27
one week fast track,True,05/05/2022 14:11
premium,False,05/05/2022 14:11
one week fast track,False,05/05/2022 14:51
premium,False,05/05/2022 14:51
one week fast track,False,05/05/2022 15:12
premium,False,05/05/2022 15:12
one week fast track,False,05/05/2022 15:37
premium,False,05/05/2022 15:37
one week fast track,False,05/05/2022 16:13
premium,False,05/05/2022 16:13
one week fast track,False,05/05/2022 16:41
premium,False,05/05/2022 16:41
one week fast track,False,05/05/2022 17:18
premium,False,05/05/2022 17:18
one week fast track,False,05/05/2022 17:59
premium,False,05/05/2022 17:59
one week fast track,False,05/05/2022 18:27
premium,False,05/05/2022 18:27
one week fast track,False,05/05/2022 18:44
premium,False,05/05/2022 18:44
one week fast track,False,05/05/2022 19:16
premium,False,05/05/2022 19:16
one week fast track,False,05/05/2022 19:45
premium,False,05/05/2022 19:45
one week fast track,False,05/05/2022 20:11
premium,False,05/05/2022 20:11
one week fast track,False,05/05/2022 20:35
premium,False,05/05/2022 20:35
one week fast track,False,05/05/2022 21:14
premium,False,05/05/2022 21:14
one week fast track,False,05/05/2022 21:39
premium,False,05/05/2022 21:39
one week fast track,False,05/05/2022 22:12
premium,True,05/05/2022 22:12
one week fast track,False,05/05/2022 22:38
premium,True,05/05/2022 22:38
one week fast track,False,05/05/2022 23:14
premium,True,05/05/2022 23:14
one week fast track,False,05/05/2022 23:40
premium,False,05/05/2022 23:40
one week fast track,False,06/05/2022 00:13
premium,False,06/05/2022 00:13
one week fast track,False,06/05/2022 00:39
premium,False,06/05/2022 00:39
one week fast track,False,06/05/2022 01:59
premium,False,06/05/2022 01:59
one week fast track,False,06/05/2022 03:46
premium,False,06/05/2022 03:46
one week fast track,False,06/05/2022 04:37
premium,False,06/05/2022 04:37
one week fast track,False,06/05/2022 05:17
premium,False,06/05/2022 05:17
one week fast track,False,06/05/2022 05:49
premium,False,06/05/2022 05:49
one week fast track,False,06/05/2022 06:13
premium,False,06/05/2022 06:13
one week fast track,False,06/05/2022 06:37
premium,False,06/05/2022 06:37
one week fast track,False,06/05/2022 07:19
premium,False,06/05/2022 07:19
one week fast track,False,06/05/2022 07:49
premium,False,06/05/2022 07:49
one week fast track,False,06/05/2022 08:13
premium,False,06/05/2022 08:13
one week fast track,False,06/05/2022 08:37
premium,False,06/05/2022 08:37
one week fast track,False,06/05/2022 09:22
premium,False,06/05/2022 09:22
one week fast track,False,06/05/2022 09:44
premium,False,06/05/2022 09:44
one week fast track,False,06/05/2022 10:14
premium,False,06/05/2022 10:14
one week fast track,False,06/05/2022 10:40
premium,False,06/05/2022 10:40
one week fast track,False,06/05/2022 11:14
premium,False,06/05/2022 11:14
one week fast track,False,06/05/2022 11:41
premium,False,06/05/2022 11:41
one week fast track,False,06/05/2022 11:54
premium,False,06/05/2022 11:54
one week fast track,False,06/05/2022 12:11
premium,False,06/05/2022 12:11
one week fast track,False,06/05/2022 12:36
premium,False,06/05/2022 12:36
one week fast track,False,06/05/2022 13:25
premium,False,06/05/2022 13:25
one week fast track,False,06/05/2022 14:06
premium,False,06/05/2022 14:06
one week fast track,False,06/05/2022 14:48
premium,False,06/05/2022 14:48
one week fast track,False,06/05/2022 15:17
premium,False,06/05/2022 15:17
one week fast track,False,06/05/2022 15:20
premium,False,06/05/2022 15:20
one week fast track,True,06/05/2022 15:26
premium,False,06/05/2022 15:26
one week fast track,Busy,06/05/2022 15:38
premium,False,06/05/2022 15:38
one week fast track,Busy,06/05/2022 16:14
premium,True,06/05/2022 16:14
one week fast track,True,06/05/2022 16:43
premium,True,06/05/2022 16:43
one week fast track,Busy,06/05/2022 17:19
premium,True,06/05/2022 17:19
one week fast track,True,06/05/2022 17:59
premium,True,06/05/2022 17:59
one week fast track,True,06/05/2022 18:27
premium,True,06/05/2022 18:27
one week fast track,False,06/05/2022 18:45
premium,True,06/05/2022 18:45
one week fast track,False,06/05/2022 19:18
premium,True,06/05/2022 19:18
one week fast track,False,06/05/2022 19:45
premium,True,06/05/2022 19:45
one week fast track,False,06/05/2022 20:11
premium,True,06/05/2022 20:11
one week fast track,False,06/05/2022 20:35
premium,True,06/05/2022 20:35
one week fast track,False,06/05/2022 21:14
premium,False,06/05/2022 21:14
one week fast track,False,06/05/2022 21:39
premium,False,06/05/2022 21:39
one week fast track,False,06/05/2022 22:12
premium,False,06/05/2022 22:12
one week fast track,False,06/05/2022 22:37
premium,False,06/05/2022 22:37
one week fast track,False,06/05/2022 23:13
premium,False,06/05/2022 23:13
one week fast track,False,06/05/2022 23:39
premium,False,06/05/2022 23:39
one week fast track,False,07/05/2022 00:13
premium,False,07/05/2022 00:13
one week fast track,False,07/05/2022 00:38
premium,False,07/05/2022 00:38
one week fast track,False,07/05/2022 01:59
premium,False,07/05/2022 01:59
one week fast track,False,07/05/2022 03:39
premium,False,07/05/2022 03:39
one week fast track,False,07/05/2022 04:31
premium,False,07/05/2022 04:31
one week fast track,False,07/05/2022 05:15
premium,False,07/05/2022 05:15
one week fast track,False,07/05/2022 05:47
premium,False,07/05/2022 05:47
one week fast track,False,07/05/2022 06:11
premium,False,07/05/2022 06:11
one week fast track,False,07/05/2022 06:36
premium,False,07/05/2022 06:36
one week fast track,False,07/05/2022 07:16
premium,False,07/05/2022 07:16
one week fast track,False,07/05/2022 07:45
premium,False,07/05/2022 07:45
one week fast track,False,07/05/2022 08:12
premium,False,07/05/2022 08:12
one week fast track,False,07/05/2022 08:36
premium,False,07/05/2022 08:36
one week fast track,False,07/05/2022 09:16
premium,False,07/05/2022 09:16
one week fast track,False,07/05/2022 09:43
premium,False,07/05/2022 09:43
one week fast track,False,07/05/2022 10:12
premium,False,07/05/2022 10:12
one week fast track,False,07/05/2022 10:38
premium,False,07/05/2022 10:38
one week fast track,False,07/05/2022 11:14
premium,False,07/05/2022 11:14
one week fast track,False,07/05/2022 11:40
premium,False,07/05/2022 11:40
one week fast track,False,07/05/2022 12:11
premium,False,07/05/2022 12:11
one week fast track,False,07/05/2022 12:35
premium,False,07/05/2022 12:35
one week fast track,False,07/05/2022 13:22
premium,False,07/05/2022 13:22
one week fast track,False,07/05/2022 13:59
premium,False,07/05/2022 13:59
one week fast track,False,07/05/2022 14:30
premium,False,07/05/2022 14:30
one week fast track,False,07/05/2022 14:44
premium,False,07/05/2022 14:44
one week fast track,False,07/05/2022 15:12
premium,False,07/05/2022 15:12
one week fast track,False,07/05/2022 15:36
premium,False,07/05/2022 15:36
one week fast track,False,07/05/2022 16:13
premium,False,07/05/2022 16:13
one week fast track,False,07/05/2022 16:41
premium,False,07/05/2022 16:41
one week fast track,False,07/05/2022 17:17
premium,False,07/05/2022 17:17
one week fast track,False,07/05/2022 17:53
premium,False,07/05/2022 17:53
one week fast track,False,07/05/2022 18:15
premium,False,07/05/2022 18:15
one week fast track,False,07/05/2022 18:39
premium,False,07/05/2022 18:39
one week fast track,False,07/05/2022 19:15
premium,False,07/05/2022 19:15
one week fast track,False,07/05/2022 19:43
premium,False,07/05/2022 19:43
one week fast track,False,07/05/2022 20:12
premium,False,07/05/2022 20:12
one week fast track,False,07/05/2022 20:36
premium,False,07/05/2022 20:36
one week fast track,False,07/05/2022 21:13
premium,False,07/05/2022 21:13
one week fast track,False,07/05/2022 21:38
premium,False,07/05/2022 21:38
one week fast track,False,07/05/2022 22:12
premium,False,07/05/2022 22:12
one week fast track,False,07/05/2022 22:37
premium,False,07/05/2022 22:37
one week fast track,False,07/05/2022 23:12
premium,False,07/05/2022 23:12
one week fast track,False,07/05/2022 23:38
premium,False,07/05/2022 23:38
one week fast track,False,08/05/2022 00:13
premium,False,08/05/2022 00:13
one week fast track,False,08/05/2022 00:38
premium,False,08/05/2022 00:38
one week fast track,False,08/05/2022 02:01
premium,False,08/05/2022 02:01
one week fast track,False,08/05/2022 04:03
premium,False,08/05/2022 04:03
one week fast track,False,08/05/2022 04:54
premium,False,08/05/2022 04:54
one week fast track,False,08/05/2022 05:18
premium,False,08/05/2022 05:18
one week fast track,False,08/05/2022 05:49
premium,False,08/05/2022 05:49
one week fast track,False,08/05/2022 06:12
premium,False,08/05/2022 06:12
one week fast track,False,08/05/2022 06:36
premium,False,08/05/2022 06:36
one week fast track,False,08/05/2022 07:16
premium,False,08/05/2022 07:16
one week fast track,False,08/05/2022 07:46
premium,False,08/05/2022 07:46
one week fast track,False,08/05/2022 08:13
premium,False,08/05/2022 08:13
one week fast track,False,08/05/2022 08:36
premium,False,08/05/2022 08:36
one week fast track,False,08/05/2022 09:16
premium,False,08/05/2022 09:16
one week fast track,False,08/05/2022 09:42
premium,False,08/05/2022 09:42
one week fast track,False,08/05/2022 10:13
premium,False,08/05/2022 10:13
one week fast track,False,08/05/2022 10:38
premium,False,08/05/2022 10:38
one week fast track,False,08/05/2022 11:14
premium,False,08/05/2022 11:14
one week fast track,False,08/05/2022 11:40
premium,False,08/05/2022 11:40
one week fast track,False,08/05/2022 12:11
premium,False,08/05/2022 12:11
one week fast track,False,08/05/2022 12:35
premium,False,08/05/2022 12:35
one week fast track,False,08/05/2022 13:21
premium,False,08/05/2022 13:21
one week fast track,False,08/05/2022 13:59
premium,False,08/05/2022 13:59
one week fast track,False,08/05/2022 14:30
premium,False,08/05/2022 14:30
one week fast track,False,08/05/2022 15:12
premium,False,08/05/2022 15:12
one week fast track,False,08/05/2022 15:37
premium,False,08/05/2022 15:37
one week fast track,False,08/05/2022 16:13
premium,False,08/05/2022 16:13
one week fast track,False,08/05/2022 16:41
premium,False,08/05/2022 16:41
one week fast track,False,08/05/2022 17:17
premium,False,08/05/2022 17:17
one week fast track,False,08/05/2022 17:53
premium,False,08/05/2022 17:53
one week fast track,False,08/05/2022 18:15
premium,False,08/05/2022 18:15
one week fast track,False,08/05/2022 18:39
premium,False,08/05/2022 18:39
one week fast track,False,08/05/2022 19:15
premium,False,08/05/2022 19:15
one week fast track,False,08/05/2022 19:43
premium,False,08/05/2022 19:43
one week fast track,False,08/05/2022 20:11
premium,False,08/05/2022 20:11
one week fast track,False,08/05/2022 20:34
premium,False,08/05/2022 20:34
one week fast track,False,08/05/2022 21:13
premium,False,08/05/2022 21:13
one week fast track,False,08/05/2022 21:38
premium,False,08/05/2022 21:38
one week fast track,False,08/05/2022 22:11
premium,False,08/05/2022 22:11
one week fast track,False,08/05/2022 22:37
premium,False,08/05/2022 22:37
one week fast track,False,08/05/2022 23:12
premium,False,08/05/2022 23:12
one week fast track,False,08/05/2022 23:38
premium,False,08/05/2022 23:38
one week fast track,False,09/05/2022 00:13
premium,False,09/05/2022 00:13
one week fast track,False,09/05/2022 00:38
premium,False,09/05/2022 00:38
one week fast track,False,09/05/2022 02:04
premium,False,09/05/2022 02:04
one week fast track,False,09/05/2022 04:09
premium,False,09/05/2022 04:09
one week fast track,False,09/05/2022 05:03
premium,False,09/05/2022 05:03
one week fast track,False,09/05/2022 05:56
premium,False,09/05/2022 05:56
one week fast track,False,09/05/2022 06:18
premium,False,09/05/2022 06:18
one week fast track,False,09/05/2022 06:40
premium,False,09/05/2022 06:40
one week fast track,False,09/05/2022 07:17
premium,False,09/05/2022 07:17
one week fast track,False,09/05/2022 07:47
premium,False,09/05/2022 07:47
one week fast track,False,09/05/2022 08:13
premium,False,09/05/2022 08:13
one week fast track,False,09/05/2022 08:37
premium,False,09/05/2022 08:37
one week fast track,False,09/05/2022 09:17
premium,False,09/05/2022 09:17
one week fast track,True,09/05/2022 09:45
premium,False,09/05/2022 09:45
one week fast track,True,09/05/2022 10:19
premium,False,09/05/2022 10:19
one week fast track,Busy,09/05/2022 10:40
premium,False,09/05/2022 10:40
one week fast track,False,09/05/2022 11:16
premium,False,09/05/2022 11:16
one week fast track,Busy,09/05/2022 11:44
premium,False,09/05/2022 11:44
one week fast track,False,09/05/2022 12:12
premium,False,09/05/2022 12:12
one week fast track,False,09/05/2022 12:36
premium,False,09/05/2022 12:36
one week fast track,False,09/05/2022 13:27
premium,False,09/05/2022 13:27
one week fast track,False,09/05/2022 14:08
premium,False,09/05/2022 14:08
one week fast track,False,09/05/2022 14:53
premium,False,09/05/2022 14:53
one week fast track,False,09/05/2022 15:12
premium,False,09/05/2022 15:12
one week fast track,False,09/05/2022 15:37
premium,False,09/05/2022 15:37
one week fast track,False,09/05/2022 16:14
premium,False,09/05/2022 16:14
one week fast track,False,09/05/2022 16:43
premium,False,09/05/2022 16:43
one week fast track,False,09/05/2022 17:21
premium,False,09/05/2022 17:21
one week fast track,False,09/05/2022 18:01
premium,False,09/05/2022 18:01
one week fast track,False,09/05/2022 18:44
premium,False,09/05/2022 18:44
one week fast track,False,09/05/2022 19:16
premium,False,09/05/2022 19:16
one week fast track,False,09/05/2022 19:45
premium,False,09/05/2022 19:45
one week fast track,False,09/05/2022 20:11
premium,False,09/05/2022 20:11
one week fast track,False,09/05/2022 20:36
premium,False,09/05/2022 20:36
one week fast track,False,09/05/2022 21:14
premium,False,09/05/2022 21:14
one week fast track,False,09/05/2022 21:39
premium,False,09/05/2022 21:39
one week fast track,False,09/05/2022 22:12
premium,False,09/05/2022 22:12
one week fast track,False,09/05/2022 22:38
premium,False,09/05/2022 22:38
one week fast track,False,09/05/2022 23:13
premium,False,09/05/2022 23:13
one week fast track,False,09/05/2022 23:39
premium,False,09/05/2022 23:39
one week fast track,False,10/05/2022 00:13
premium,False,10/05/2022 00:13
one week fast track,False,10/05/2022 00:39
premium,False,10/05/2022 00:39
one week fast track,False,10/05/2022 01:59
premium,False,10/05/2022 01:59
one week fast track,False,10/05/2022 03:24
premium,False,10/05/2022 03:24
one week fast track,False,10/05/2022 04:05
premium,False,10/05/2022 04:05
one week fast track,False,10/05/2022 04:48
premium,False,10/05/2022 04:48
one week fast track,False,10/05/2022 05:17
premium,False,10/05/2022 05:17
one week fast track,False,10/05/2022 05:49
premium,False,10/05/2022 05:49
one week fast track,False,10/05/2022 06:13
premium,False,10/05/2022 06:13
one week fast track,False,10/05/2022 06:38
premium,False,10/05/2022 06:38
one week fast track,False,10/05/2022 07:17
premium,False,10/05/2022 07:17
one week fast track,False,10/05/2022 07:47
premium,False,10/05/2022 07:47
one week fast track,False,10/05/2022 08:13
premium,False,10/05/2022 08:13
one week fast track,False,10/05/2022 08:37
premium,False,10/05/2022 08:37
one week fast track,False,10/05/2022 09:17
premium,False,10/05/2022 09:17
one week fast track,False,10/05/2022 09:43
premium,False,10/05/2022 09:43
one week fast track,False,10/05/2022 10:14
premium,False,10/05/2022 10:14
one week fast track,False,10/05/2022 10:40
premium,False,10/05/2022 10:40
one week fast track,False,10/05/2022 11:14
premium,False,10/05/2022 11:14
one week fast track,False,10/05/2022 11:41
premium,False,10/05/2022 11:41
one week fast track,False,10/05/2022 12:12
premium,False,10/05/2022 12:12
one week fast track,False,10/05/2022 12:36
premium,False,10/05/2022 12:36
one week fast track,Busy,10/05/2022 13:28
premium,True,10/05/2022 13:28
one week fast track,True,10/05/2022 14:27
premium,False,10/05/2022 14:27
one week fast track,False,10/05/2022 15:02
premium,False,10/05/2022 15:02
one week fast track,True,10/05/2022 15:41
premium,False,10/05/2022 15:41
one week fast track,False,10/05/2022 16:14
premium,False,10/05/2022 16:14
one week fast track,False,10/05/2022 16:43
premium,False,10/05/2022 16:43
one week fast track,False,10/05/2022 17:22
premium,False,10/05/2022 17:22
one week fast track,False,10/05/2022 18:04
premium,False,10/05/2022 18:04
one week fast track,False,10/05/2022 18:46
premium,False,10/05/2022 18:46
one week fast track,False,10/05/2022 19:17
premium,False,10/05/2022 19:17
one week fast track,False,10/05/2022 19:46
premium,False,10/05/2022 19:46
one week fast track,False,10/05/2022 20:11
premium,False,10/05/2022 20:11
one week fast track,False,10/05/2022 20:35
premium,False,10/05/2022 20:35
one week fast track,False,10/05/2022 21:15
premium,False,10/05/2022 21:15
one week fast track,False,10/05/2022 21:39
premium,False,10/05/2022 21:39
one week fast track,False,10/05/2022 22:12
premium,False,10/05/2022 22:12
one week fast track,False,10/05/2022 22:38
premium,False,10/05/2022 22:38
one week fast track,False,10/05/2022 23:13
premium,False,10/05/2022 23:13
one week fast track,False,10/05/2022 23:39
premium,False,10/05/2022 23:39
one week fast track,False,11/05/2022 00:14
premium,False,11/05/2022 00:14
one week fast track,False,11/05/2022 00:40
premium,False,11/05/2022 00:40
one week fast track,False,11/05/2022 02:12
premium,False,11/05/2022 02:12
one week fast track,False,11/05/2022 04:09
premium,False,11/05/2022 04:09
one week fast track,False,11/05/2022 05:05
premium,False,11/05/2022 05:05
one week fast track,False,11/05/2022 06:04
premium,False,11/05/2022 06:04
one week fast track,False,11/05/2022 06:45
premium,False,11/05/2022 06:45
one week fast track,False,11/05/2022 07:20
premium,False,11/05/2022 07:20
one week fast track,False,11/05/2022 07:51
premium,False,11/05/2022 07:51
one week fast track,False,11/05/2022 08:14
premium,False,11/05/2022 08:14
one week fast track,Busy,11/05/2022 08:38
premium,True,11/05/2022 08:38
one week fast track,False,11/05/2022 09:19
premium,True,11/05/2022 09:19
one week fast track,False,11/05/2022 09:46
premium,True,11/05/2022 09:46
one week fast track,Busy,11/05/2022 10:13
premium,False,11/05/2022 10:13
one week fast track,Busy,11/05/2022 10:40
premium,False,11/05/2022 10:40
one week fast track,False,11/05/2022 11:15
premium,False,11/05/2022 11:15
one week fast track,False,11/05/2022 11:43
premium,False,11/05/2022 11:43
